{"version":1,"hash":{"type":"Buffer","data":"2cwQTOXiYjb5x5dxKy3GSqjvYi9YwYKihS+kBcz+mA6jWOTvxCkAxd2zrwHKw8qGl3nCY3Ayd5e020I4rFxyGC2gqfYwX002wXLfTXPz63GSvEuR88ti+brYn24gXx1EwK+/Y9vK7vumaidaDG9XQWoOXB082XEhUVaOyPPVOGI="},"indexValueMap":{"rTZ/YpXWvwAtt5GEcMBaWZE57VPfsGnvghy8XLhrk4s=":{"valueMac":{"type":"Buffer","data":"lOwtP5kgL9hhk2uU60MbyNU42rw+c04Qx53Sa2UUGeo="}},"A46zqsxsEq7Mt4Ac8kuWQd5FSVpDbbjyxDods6+WQtw=":{"valueMac":{"type":"Buffer","data":"xbpcod7MgbGHTBhLo/0rXXShxEqKlG1pW6InkHui8Qg="}},"MFPzxWTLhmkn1FbXLqXW1RkLYhD0O/JKa8mEyo2GFh0=":{"valueMac":{"type":"Buffer","data":"KuGl47uwt8QQ2/v4OvRdrSaXDM8VghuVlf78dw8u74c="}},"I02qdx3fSxblgMo452uEn04NqOYBHOebOObxv4jP3GU=":{"valueMac":{"type":"Buffer","data":"YE/IxBDYklWTHM7pm3eBX4seglDZP1EDAzHOAXMiGNc="}}}}