{"version":1,"hash":{"type":"Buffer","data":"e7IGzLillcF0DID9elQ5ErNJqAn/2KIftxlIzyRqaTwK/YCdwSPcEsGXDCQZHFhklGJDamlCPdaatRrf97mz09r0ITlZyWqxe4LCF1i/vG/BHpTJl+c1d2giK0fC4nvsD86i7wNppGLj/v269g/8sU7dHuEIz/9S90x9xLvjwMU="},"indexValueMap":{"mMQ7YYqVQZwWGQmM5GSUet9Zk5zC5DKyOZrbnlb6ktA=":{"valueMac":{"type":"Buffer","data":"9JWsZ2+x/H9zLSxGzSCSZKnf9BLwW7GMSA70T39Uak4="}},"jqicTWZ9cAUxrE34IwsW1QMCLmjQ48E33eOxB8It/zw=":{"valueMac":{"type":"Buffer","data":"O3ybXOU7ZnXIIYNAirItETBfwEc9FusrNEP3i0YhcZk="}},"qvwkZf2h/5MnPKvyiehGERjyrI8S+TFzg1kR6HJHiLI=":{"valueMac":{"type":"Buffer","data":"3ODoXRMi4lu3QHUBppHNHK2j7YUgmJHZlGgTjfCpAOU="}},"4I8nfPbPMZZfmpaG/xxOx4kZiXo9n7dgIOrdOscx8lU=":{"valueMac":{"type":"Buffer","data":"Q5r9EXvA+z49yYxwuWzBGTNdkD3LCAE+OrWqCQj8KBA="}},"e23pwZ1+LnfpNLr/e+1Vnhp0vj+D9pYDl+GXWCRvsiw=":{"valueMac":{"type":"Buffer","data":"VTvwVuTuDo6JPcZ45y4aDZC/cL6JZRyomPf8Dr7IQFk="}},"ys/tu/LH7y16sMdhHIVf+Xg84t6Bfq42/Zp9pRe1Kwk=":{"valueMac":{"type":"Buffer","data":"IxECPryswSO+6Zh3JiXnyV2J3RcSOVJwSIGtBNgX6Lk="}},"SWPhWeLBB4tMYIQ3l3QbzzuBQbwSzua4vITSG2O0HLc=":{"valueMac":{"type":"Buffer","data":"kd/Vxubua7lB3IoOdr21nCBpScJwsA1346/Tu9qowkA="}},"RgN0iov7nD0PVMrNVfX9rs7WS17a0YSgiuCA9gSabrM=":{"valueMac":{"type":"Buffer","data":"8jNt5hWYw8WijgMNp3UH6lYd8z+qd38pp/3Om44+C+U="}},"748XSWq4+yWKJbQrYAkn94jHrQAJx/oV3f2iloOf2aQ=":{"valueMac":{"type":"Buffer","data":"a7pW01OPhoIshtbN4Ygll7HIOk+WFZ7h6rsh3P+mKuQ="}},"eAbqpyWNIbuxMOVTzyenc/3YjhlMjyjrRhEk+0VUZaU=":{"valueMac":{"type":"Buffer","data":"6tZUGTCJ9SpF6X1KncyRVHvA4J1R2FgrfvHgWADsO5Q="}},"Uu4xsaqUa1l/apyBPaYo6WjyLvPa/vq47VdQMr+mmMo=":{"valueMac":{"type":"Buffer","data":"10sz9IIXZ5VkR5UIOA1VePnI8hzuFjl4xhMf8Mu/rkw="}},"ATVGzL73vjZDQY4YtmsirIoEDaK6vi4uMVh8N+9856c=":{"valueMac":{"type":"Buffer","data":"JOV9NoMl6H24XXNeg9jZHx+p2h/0UW1ZoJfzInZgj4U="}},"PjaOB/VvwsRaUGyJqdr/iP8yyBnYIn+fRnr5DU11nF0=":{"valueMac":{"type":"Buffer","data":"qCZu8lUbB4DxkMdS0SNepl16EYpAS6RyRlSn/fo6BHA="}},"+NI9BwBLOtFpYgsDRTlUxg9aa9OSHYwKWLlt2ssr2kA=":{"valueMac":{"type":"Buffer","data":"6XinCXnMWkssQaIWgqwOKmmaxdWAiW/M45wY4jU0FSs="}},"fR2wriDR8RoYxaXyMU1WzYkpNF31P8PuJRBmbk1Mtsw=":{"valueMac":{"type":"Buffer","data":"HvvyHKKSYDd3lk7EPmgK2WsYs3oWrJk/RTnkI+lhDfw="}},"B7VJc/j3TjLEJ7gDKKFWijmFdrKNYLK7fUC8MfMxTP0=":{"valueMac":{"type":"Buffer","data":"r87Nj5NdOdqA7TqrCVi8rU3V/WnUXH1iKpaC72dfCpY="}},"JCLIsPv3OzpxzEclXWEyJAQeT01AbGIbm1lFP54trEU=":{"valueMac":{"type":"Buffer","data":"T5Ib+GYLcJz0Yz5r7LdbDG/2A5T08jRvoUXbgz0F6sQ="}},"4H62rK4xN9ExnH8n9XUHboH6EIkuVlkcs0P16kYntRk=":{"valueMac":{"type":"Buffer","data":"oCJth4f8LU5pDNq9HNWMSMFTBehm36ugSn9v1EnQNrk="}},"BYPuejXEzxjmvMa7U46e+2ufRvKukuQgzHe8gHEzPt4=":{"valueMac":{"type":"Buffer","data":"4TAOE4nvXBNy2/u61+rMJUh8+L7ibilmPoHLj1BPwkY="}},"TtcZLauMShinkdskti3TVppvxgbVxOeWjnzmZKewZ2Y=":{"valueMac":{"type":"Buffer","data":"CfrfNfScjVjup0j2UJZ6jydhf5VwNk+jtdeYYghnpdE="}},"1BdSP6GGe+O8dBBiJY5bxajNTJD0e6A/N/5JCOgYyuo=":{"valueMac":{"type":"Buffer","data":"2ldTQbeJVJKluGNuxvd/WETgQG1w30NF6NvfEKqDcCM="}},"r/D5vaiY8zNQWd6UnBdAHmblIu/GaIrEuItOE3uTFEw=":{"valueMac":{"type":"Buffer","data":"w68E1n1AydcHlh6UwkExaBnpfmXLFnvxd5iiD/Ymru0="}},"050SsP1ozaz9qvl3WZWKTxgzL2R/gnHeoTL6MY4NeqE=":{"valueMac":{"type":"Buffer","data":"49L+z7K5hYx+c+UxNg2pZwYLK9tplS4Eh1jzld166qw="}},"SfwUbwQiZS7+KXQBpkfyS4/3VP6adAwpPre8uNyu1qI=":{"valueMac":{"type":"Buffer","data":"xV8XqTPEi5TKfYhGFUaa3lk3ey/sAEqgmqlLdrsylc8="}},"Ng0aMVXqNsTfIZQRc2/0LXTft6+s5WO/9xYWT0H0foE=":{"valueMac":{"type":"Buffer","data":"/2PXRlkKp3oNZ8cxTsS+z/QHpVj6WRfm/oDZnHtvf9c="}},"ByMcK4i3Zzk5muXYpxz08HRZyQDHZMsVEsZj6zRJYoM=":{"valueMac":{"type":"Buffer","data":"skwUp7PlE7oBbAk0jMnh/F3FsldIY2BKetHrFXh1rYc="}},"sdFzhHEKqfn06xIbfoLaEKx/OSFn9Zipea1et+hEEEs=":{"valueMac":{"type":"Buffer","data":"1GanQhPblGVFEoWOX073Wip2lPxi/R1zrfrpovG81hc="}},"ioqxSz1Bk/PDoonycF7VTuUkk31lGkJ8o8SOB23J5Cs=":{"valueMac":{"type":"Buffer","data":"eNREgzOgpTP9VWUYU184osrSBv6UBU7B2orHaao5GJQ="}},"UZu2b9Zpn7VQCmmvmCyqrfgkjXfrL9bnKYA4px5iaDQ=":{"valueMac":{"type":"Buffer","data":"lZlnFE/85N/BLQtqf0a7rah42I330qX+O4G7p55WBVE="}},"PMTIvrW3eamT+w2o76C5bUA2+oJrQUt3Zc60Nj3wU94=":{"valueMac":{"type":"Buffer","data":"goBmhWw2dVyYq9OurXueF60JK0ow1xM8zFlcSJZaXC8="}},"Kn6XQqZZmcARtlWIJKfHCyNhth2X8z5GBS+HlIpXw5U=":{"valueMac":{"type":"Buffer","data":"cZzo2fO1NZnqruJgHueWoMkvDrxKIkDBEuW2HEMYXs8="}},"U+S/KKyBW9XCH6mXQ06RIM/cSxlLzxDqXY3AS5R2wAI=":{"valueMac":{"type":"Buffer","data":"w84wwBpaqY6WeZauAp1/XvV/xJGWfgxZUu0KW/bz2Hc="}},"84g+c1zaVNZDjWcm7JLGPrVHMLTrFI/l3omtd7bspeg=":{"valueMac":{"type":"Buffer","data":"BjEFPJbiRZuxLHEW0gtO9DcAKknJVygZD5/FOu4NJdw="}},"7szN2S9odxwxpFj36+holyhO+YGrVAhlClX7pONeqUM=":{"valueMac":{"type":"Buffer","data":"7c20MurXNQRCIRa+aWI6l9oLIOH/HbedXhsFW1cjgG8="}}}}