{"noiseKey":{"private":{"type":"Buffer","data":"qH4gJG7KSYihfApdgB0eOv8slqd0RGNUuGf4ijaPjUI="},"public":{"type":"Buffer","data":"fRiunQP8+S82s0A6EF9u5AfCZW0zopFu6J4cErUFA30="}},"signedIdentityKey":{"private":{"type":"Buffer","data":"IPHeJ4XW22rbP/aHf1aKJ4JnVfzd1pE1Rwrg/kHN+FA="},"public":{"type":"Buffer","data":"zvJDzfpP3M/gUhV2dJadSn7DQGkmKCZCNiTLcJp23lQ="}},"signedPreKey":{"keyPair":{"private":{"type":"Buffer","data":"KGoHbHhBnguCYt7TtBY4rDmvk5Yb/Em2TVBuuoMXs30="},"public":{"type":"Buffer","data":"37D2c5J3wMH3ZiT9mtWulqqH1vJDO7VS0iqxR1ITfX0="}},"signature":{"type":"Buffer","data":"vmARrQFCDvTAoBzj3i6Ubz8wAq9XjQ1yZMgYY4qMmxuSNtxRfOYTEzKbiLQ2SziZ704wOIXZrUOle4qpqpxpCA=="},"keyId":1},"registrationId":188,"advSecretKey":"7Y5thgsKNGb+RH3zrE0VJW7ayaSa7xpwFy7xzWsTCQ8=","processedHistoryMessages":[{"key":{"remoteJid":"919079880452@s.whatsapp.net","fromMe":true,"id":"3A0DB8CA74B4A016E9EE780E019C9500"},"messageTimestamp":1688885543},{"key":{"remoteJid":"919079880452@s.whatsapp.net","fromMe":true,"id":"A0820ED37A521848200EA58674F0742A"},"messageTimestamp":1688885545}],"nextPreKeyId":33,"firstUnuploadedPreKeyId":33,"accountSettings":{"unarchiveChats":false},"account":{"details":"CMGPjtcHEKGyqaUGGAE=","accountSignatureKey":"B4KxQadeY+OnUWoETG+Tha6ixgb+WLcn+x0zpSIkeRs=","accountSignature":"EtQv0mM8paLv0D+s9yDt/P9hfJA++qZ4ykjcrPBNQrQ05NYBzJ1RZ15x+StwQ/yUa3oHqvTPdqJPWHqO/UdHAg==","deviceSignature":"b4XOmXEk+z+1XqUrUX2wdnPPmCYBHynHz3XeW9vEv3n3xmIqYs3ZzbfWr4J8roSCVmp0n6Wc3f1czJ2eCfi5CQ=="},"me":{"id":"919079880452:14@s.whatsapp.net","name":"Vyom"},"signalIdentities":[{"identifier":{"name":"919079880452:14@s.whatsapp.net","deviceId":0},"identifierKey":{"type":"Buffer","data":"BQeCsUGnXmPjp1FqBExvk4WuosYG/li3J/sdM6UiJHkb"}}],"platform":"android","lastAccountSyncTimestamp":1688885660,"myAppStateKeyId":"AAAAAGpe"}