{"_sessions":{"Bay+PvZe3ajIn9347aZXNp0udL97CxsFGpPAX1jzK9Eh":{"registrationId":1259268308,"currentRatchet":{"ephemeralKeyPair":{"pubKey":"BZRDwU4+SDe1iqsClVs9IbVk5wJqxrxubaueylq8s6cU","privKey":"uDV13RUAy1bxqroMiEthlkOuZsT7JSVkA4aOEY9EKGo="},"lastRemoteEphemeralKey":"BUexO6nIhKYBr6GolHQ4/nLI2JKc5DFK4X9Egoi1aOhB","previousCounter":1,"rootKey":"ZJYNAEdzLblzcU94cmv1xagmD7eCJOl08yXwJFjaVoo="},"indexInfo":{"baseKey":"Bay+PvZe3ajIn9347aZXNp0udL97CxsFGpPAX1jzK9Eh","baseKeyType":1,"closed":1688887407610,"used":1688885927291,"created":1688885542807,"remoteIdentityKey":"BUNdEpKwMP8/chByq1Q17qduHrSzeSKV4F6P2PjL/+op"},"_chains":{"BdEPQQtgi1mEHxsItjgg1XNWOzVEXQGSv+7vyD6Wzjdh":{"chainKey":{"counter":0},"chainType":2,"messageKeys":{}},"BYzG3hq+wvAq71CTt4sv1VTgAjLkjsZIsLkJVGv+YAht":{"chainKey":{"counter":0},"chainType":2,"messageKeys":{}},"BYHDmoZymAYZEQQ/9YV7Z2qK0/XcWhHLOt9gCzMukQsn":{"chainKey":{"counter":0},"chainType":2,"messageKeys":{}},"BVEJxVc2pjnnHwC7UGt6w/G8ieU5Lx4/sZGbO4b/E0R1":{"chainKey":{"counter":1},"chainType":2,"messageKeys":{}},"BUexO6nIhKYBr6GolHQ4/nLI2JKc5DFK4X9Egoi1aOhB":{"chainKey":{"counter":2,"key":"Gatv3qtDIMk1AepApr3gZrG3KNR4v2C+hLcfTn65HrU="},"chainType":2,"messageKeys":{}},"BZRDwU4+SDe1iqsClVs9IbVk5wJqxrxubaueylq8s6cU":{"chainKey":{"counter":3,"key":"vK9eVYatfpBmm5TozWlmceP9uvCDFuLJsnBhH4ACA/Y="},"chainType":1,"messageKeys":{}}}},"BcpqTyXIRA97PDuqrMaINzYnM9F7N6ZoDAm+pCKtxYMg":{"registrationId":1259268308,"currentRatchet":{"ephemeralKeyPair":{"pubKey":"BbdvyhdqOWjPJ49h3QNOZ38+jsP4idsTOXOBuTYJ0tM+","privKey":"kEb+BSQYdsLx/xLMav2vLAAcoBN7klcXsDRIdk4KynE="},"lastRemoteEphemeralKey":"BX1obsdE7eJPMlzvXP7OIOFnl4MCPHClTr05hwYj0fss","previousCounter":0,"rootKey":"cjbIGMGqHEpEleCA/VRC1+eXwW6SH0fzGgTrKyJpETM="},"indexInfo":{"baseKey":"BcpqTyXIRA97PDuqrMaINzYnM9F7N6ZoDAm+pCKtxYMg","baseKeyType":1,"closed":1688887408548,"used":1688887407609,"created":1688887407609,"remoteIdentityKey":"BUNdEpKwMP8/chByq1Q17qduHrSzeSKV4F6P2PjL/+op"},"_chains":{"BbdvyhdqOWjPJ49h3QNOZ38+jsP4idsTOXOBuTYJ0tM+":{"chainKey":{"counter":-1,"key":"fc0vQoFOnUlmc/SuoyRAeF85Kk5Kb/OF+/uzObsa5Cs="},"chainType":1,"messageKeys":{}}},"pendingPreKey":{"signedKeyId":0,"baseKey":"BcpqTyXIRA97PDuqrMaINzYnM9F7N6ZoDAm+pCKtxYMg","preKeyId":1968211}},"BaZBqw6XEKJsI3OdWCldgGl5g8lFgOHPgMrPSlAOMe0a":{"registrationId":1259268308,"currentRatchet":{"ephemeralKeyPair":{"pubKey":"BQOeht02Us/gdhTOJW2iUfMSGS5Tt2c83QOts3JMwhct","privKey":"GK4mHIANaRWS6zr40yvSqm7oXfVNnq0lS2Iec/bhaHM="},"lastRemoteEphemeralKey":"BawzTbX6A3ScSMszkIWolpWXiWfDD3zYmOyl/V+KUt9M","previousCounter":1,"rootKey":"SyFlQOKCSPuZddXt7SnOy2Xmpi31NGiDU7i3nl+Pl6w="},"indexInfo":{"baseKey":"BaZBqw6XEKJsI3OdWCldgGl5g8lFgOHPgMrPSlAOMe0a","baseKeyType":2,"closed":-1,"used":1688887456789,"created":1688887408551,"remoteIdentityKey":"BUNdEpKwMP8/chByq1Q17qduHrSzeSKV4F6P2PjL/+op"},"_chains":{"Bb+gYoXsH9tqke8tg78Wez17WclAmj75hLhmfeN2Ii4S":{"chainKey":{"counter":0},"chainType":2,"messageKeys":{}},"BawzTbX6A3ScSMszkIWolpWXiWfDD3zYmOyl/V+KUt9M":{"chainKey":{"counter":0,"key":"3eX0blAHf8pyl2KT5CLTqVac4Z/DY0QpbP18Ku5NYMM="},"chainType":2,"messageKeys":{}},"BQOeht02Us/gdhTOJW2iUfMSGS5Tt2c83QOts3JMwhct":{"chainKey":{"counter":0,"key":"za7FJ9NzRuGNaP6Sejwr2JxPnQoDTjjPdqny92PBPyE="},"chainType":1,"messageKeys":{}}}}},"version":"v1"}