{"_sessions":{"BTgU2ZN7N1kW3VXIviW3pL29BXC0TOsfJSFTboSb0Et6":{"registrationId":677104936,"currentRatchet":{"ephemeralKeyPair":{"pubKey":"BTYKaaN/yE6GXCH9zX0whiOLKzrJK60kuPeh/bS1GDZ7","privKey":"iEBhw4pLZ2nWq5xeZqZdA1Sbnfy0ops8kOXATWXisXY="},"lastRemoteEphemeralKey":"BQ++d1hCD3WMhqWk4YNCwcSZy6fKwwWRk9Qo6fjOe0xM","previousCounter":0,"rootKey":"ojPZDyW9Pr+LmFiwYI5IJV+KzFUG7T34yxQuy2s9zx0="},"indexInfo":{"baseKey":"BTgU2ZN7N1kW3VXIviW3pL29BXC0TOsfJSFTboSb0Et6","baseKeyType":2,"closed":-1,"used":1688887439566,"created":1688887407861,"remoteIdentityKey":"BUB7mBHsKk3rPvU3Rwy32QaS78CML3m7ul5WKhpz+VFN"},"_chains":{"BbpYVjXSpTJbHJ1zt+1hpL9MMdY63uchQ7j1zxdaaGhh":{"chainKey":{"counter":0},"chainType":2,"messageKeys":{}},"BQ++d1hCD3WMhqWk4YNCwcSZy6fKwwWRk9Qo6fjOe0xM":{"chainKey":{"counter":0,"key":"AkXsXCNy3+qFWTuW3Yo7Gp4LfeVIQWPHcVvCD9iUxe8="},"chainType":2,"messageKeys":{}},"BTYKaaN/yE6GXCH9zX0whiOLKzrJK60kuPeh/bS1GDZ7":{"chainKey":{"counter":0,"key":"YRMsnLx5N55UtjE+nYybIs72ow2wQbnDS6CwL69qoKI="},"chainType":1,"messageKeys":{}}}}},"version":"v1"}